Returned,Order ID
Yes,MX-2013-168137
Yes,US-2011-165316
Yes,ES-2013-1525878
Yes,CA-2013-118311
Yes,ES-2011-1276768
Yes,MX-2013-131247
Yes,ID-2011-20975
Yes,IN-2014-58460
Yes,ES-2011-3028321
Yes,MX-2014-148285
Yes,IN-2014-54708
Yes,ID-2011-20989
Yes,ES-2013-3323529
Yes,MX-2014-135328
Yes,IN-2012-63934
Yes,IN-2014-43039
Yes,CA-2012-150875
Yes,ES-2011-3074997
Yes,CA-2011-133690
Yes,IN-2014-84948
Yes,CA-2013-157280
Yes,ID-2012-44173
Yes,CA-2012-111948
Yes,CA-2014-167003
Yes,CA-2012-149636
Yes,IN-2014-46007
Yes,CA-2014-154074
Yes,MX-2014-114601
Yes,MX-2014-142643
Yes,IN-2011-38965
Yes,IN-2014-14003
Yes,CA-2014-166898
Yes,IN-2014-15676
Yes,ES-2014-4295205
Yes,US-2012-106551
Yes,MX-2013-110135
Yes,CA-2011-102652
Yes,CA-2012-151547
Yes,US-2012-115196
Yes,MX-2012-153325
Yes,MX-2012-128363
Yes,ES-2014-4790238
Yes,MX-2011-156755
Yes,MX-2013-133074
Yes,IN-2014-10979
Yes,IN-2014-17027
Yes,US-2011-104535
Yes,IT-2013-4354136
Yes,ID-2014-86033
Yes,ES-2012-2088434
Yes,CA-2013-126529
Yes,CA-2014-103380
Yes,IN-2012-68911
Yes,IN-2014-44012
Yes,IN-2012-29228
Yes,ID-2013-67693
Yes,MX-2012-129560
Yes,MX-2014-135867
Yes,MX-2013-135916
Yes,CA-2013-105291
Yes,ID-2014-68505
Yes,US-2012-112004
Yes,IN-2013-68449
Yes,IN-2014-28640
Yes,MX-2012-105662
Yes,ES-2014-4472745
Yes,US-2013-162068
Yes,ID-2011-69142
Yes,MX-2011-157000
Yes,IN-2011-72502
Yes,IN-2013-13786
Yes,MX-2012-104269
Yes,MX-2012-152905
Yes,IN-2012-39889
Yes,IT-2014-5517515
Yes,ES-2014-5297792
Yes,MX-2013-139948
Yes,IT-2014-2277753
Yes,IN-2014-25637
Yes,MX-2013-110828
Yes,CA-2014-138163
Yes,IN-2014-62366
Yes,MX-2013-134831
Yes,ES-2012-1295099
Yes,IN-2012-30572
Yes,ES-2014-5385720
Yes,ES-2013-5106699
Yes,ID-2014-56752
Yes,ID-2013-72362
Yes,US-2013-114293
Yes,ES-2014-1703772
Yes,IN-2013-69128
Yes,ID-2011-49031
Yes,ES-2012-4804562
Yes,IN-2012-13772
Yes,IN-2012-44691
Yes,US-2014-167178
Yes,ID-2014-17475
Yes,IT-2014-4273010
Yes,IN-2013-55135
Yes,ES-2013-2638509
Yes,IN-2014-47848
Yes,IN-2011-56486
Yes,IT-2013-1665440
Yes,CA-2012-141593
Yes,IN-2014-51607
Yes,ES-2013-5648133
Yes,ES-2013-2310454
Yes,MX-2011-131688
Yes,IN-2014-46595
Yes,US-2012-157224
Yes,CA-2011-108609
Yes,IN-2011-25070
Yes,IN-2014-43410
Yes,US-2013-151379
Yes,IN-2012-78865
Yes,MX-2013-128440
Yes,CA-2012-153220
Yes,ES-2014-1182889
Yes,CA-2014-123085
Yes,ES-2011-5032747
Yes,IN-2014-73447
Yes,ES-2013-5623189
Yes,MX-2012-148586
Yes,ES-2014-2731678
Yes,IN-2013-12715
Yes,MX-2013-110933
Yes,CA-2012-112144
Yes,MX-2012-113817
Yes,CA-2014-145772
Yes,ID-2013-51446
Yes,US-2012-146801
Yes,CA-2011-169019
Yes,MX-2011-108749
Yes,IN-2013-55639
Yes,ID-2011-77619
Yes,CA-2011-126522
Yes,ES-2011-5803751
Yes,ES-2014-1627638
Yes,IN-2012-56682
Yes,MX-2012-143826
Yes,CA-2014-142867
Yes,US-2013-108049
Yes,ES-2013-4009230
Yes,CA-2014-167395
Yes,US-2011-137673
Yes,MX-2014-132927
Yes,ES-2013-3078948
Yes,CA-2012-149342
Yes,IN-2012-70073
Yes,IN-2011-59013
Yes,ID-2014-33680
Yes,US-2013-130239
Yes,ES-2013-1874583
Yes,ES-2012-5238758
Yes,IN-2012-23089
Yes,MX-2011-147039
Yes,IN-2012-25371
Yes,ES-2013-1072619
Yes,IN-2014-62338
Yes,ES-2011-5464858
Yes,MX-2011-108560
Yes,CA-2014-161557
Yes,ES-2012-2376426
Yes,IT-2011-1521406
Yes,IN-2013-27828
Yes,US-2011-119935
Yes,MX-2012-134446
Yes,MX-2014-121377
Yes,CA-2014-108931
Yes,MX-2011-168662
Yes,ES-2014-5762425
Yes,IN-2014-27863
Yes,CA-2014-154214
Yes,ES-2014-2769035
Yes,IN-2013-47911
Yes,ES-2011-3864297
Yes,MX-2013-148628
Yes,CA-2013-133802
Yes,ID-2013-41968
Yes,ES-2014-3609825
Yes,US-2014-143441
Yes,IN-2012-10986
Yes,ES-2011-4694484
Yes,MX-2014-147599
Yes,IN-2013-15466
Yes,MX-2013-131142
Yes,ID-2013-83975
Yes,ES-2012-2280466
Yes,ES-2013-3007238
Yes,ES-2013-3927096
Yes,ES-2013-5911126
Yes,CA-2014-101805
Yes,ID-2011-64599
Yes,IN-2014-35346
Yes,CA-2012-104129
Yes,US-2013-108455
Yes,ID-2011-17286
Yes,ES-2013-5746149
Yes,IN-2012-75211
Yes,MX-2014-155740
Yes,IN-2013-59454
Yes,ES-2012-3715659
Yes,ES-2014-1526550
Yes,IN-2014-46665
Yes,ES-2014-5060319
Yes,MX-2013-141901
Yes,IN-2012-75134
Yes,US-2013-131149
Yes,ES-2011-5201850
Yes,IN-2012-52657
Yes,CA-2013-159345
Yes,IT-2011-2911544
Yes,ES-2012-5645358
Yes,CA-2013-116736
Yes,CA-2011-160766
Yes,ES-2014-4079805
Yes,CA-2014-143084
Yes,CA-2012-157770
Yes,ES-2011-3108517
Yes,US-2011-121636
Yes,ES-2014-5275437
Yes,ID-2012-28255
Yes,ES-2013-1925248
Yes,CA-2012-113628
Yes,MX-2014-107279
Yes,IN-2011-35857
Yes,CA-2013-145919
Yes,MX-2014-161578
Yes,IN-2012-33918
Yes,ES-2013-3061639
Yes,CA-2014-166093
Yes,MX-2012-122553
Yes,CA-2011-127012
Yes,ID-2011-55142
Yes,IT-2011-3468929
Yes,IN-2013-25112
Yes,CA-2014-131492
Yes,ES-2014-5830221
Yes,IT-2013-3876077
Yes,ES-2013-5002349
Yes,CA-2013-118500
Yes,CA-2014-119284
Yes,IN-2011-86642
Yes,ID-2012-32350
Yes,ID-2013-29662
Yes,CA-2014-137414
Yes,CA-2011-109918
Yes,CA-2014-140151
Yes,CA-2012-142601
Yes,ES-2013-2603153
Yes,IN-2012-67791
Yes,ES-2014-5666305
Yes,CA-2014-124401
Yes,MX-2014-167493
Yes,MX-2013-111073
Yes,ES-2014-4442693
Yes,IN-2014-35395
Yes,CA-2013-152814
Yes,ES-2014-4963892
Yes,CA-2014-130631
Yes,ID-2011-20604
Yes,IN-2011-11889
Yes,MX-2013-111500
Yes,IT-2012-3986604
Yes,CA-2012-119907
Yes,ES-2014-5296123
Yes,CA-2011-123498
Yes,IN-2014-30649
Yes,MX-2014-120607
Yes,IN-2012-68897
Yes,CA-2013-159023
Yes,IN-2013-14437
Yes,ES-2012-4079399
Yes,CA-2014-129707
Yes,CA-2012-154970
Yes,ES-2013-1217902
Yes,ES-2012-1484906
Yes,CA-2014-108294
Yes,US-2013-144057
Yes,US-2013-152051
Yes,US-2014-104010
Yes,ID-2014-41191
Yes,MX-2012-164777
Yes,ES-2014-3730302
Yes,MX-2011-114685
Yes,ES-2013-2048769
Yes,ES-2014-3638264
Yes,MX-2011-133564
Yes,ES-2013-3446925
Yes,CA-2012-119214
Yes,US-2014-103247
Yes,ID-2014-11098
Yes,CA-2014-109085
Yes,ES-2014-5513140
Yes,CA-2013-126732
Yes,ES-2014-1178010
Yes,ID-2013-13562
Yes,ES-2014-1734818
Yes,MX-2013-131660
Yes,ES-2013-5616549
Yes,CA-2013-134803
Yes,IN-2014-68008
Yes,ES-2011-4359424
Yes,ES-2014-4147581
Yes,CA-2013-167759
Yes,MX-2013-168228
Yes,MX-2013-125696
Yes,CA-2014-131828
Yes,IN-2012-44810
Yes,IN-2014-66062
Yes,ES-2014-2901069
Yes,CA-2012-140984
Yes,IN-2013-33204
Yes,ES-2012-5365524
Yes,CA-2012-164882
Yes,MX-2014-145429
Yes,ID-2014-39084
Yes,ES-2012-4840257
Yes,IN-2013-35087
Yes,MX-2014-148509
Yes,IN-2012-35990
Yes,ES-2013-4184078
Yes,US-2014-147998
Yes,ES-2014-5438886
Yes,ES-2013-5734148
Yes,ES-2014-4598380
Yes,ES-2012-1845274
Yes,MX-2013-134194
Yes,CA-2011-126403
Yes,IN-2013-40218
Yes,MX-2012-156720
Yes,MX-2014-149881
Yes,ES-2012-1382586
Yes,CA-2011-135657
Yes,ES-2013-4441922
Yes,MX-2014-139591
Yes,IT-2014-2068457
Yes,MX-2011-124170
Yes,CA-2011-134726
Yes,CA-2014-101700
Yes,ES-2012-4286133
Yes,CA-2014-117212
Yes,MX-2014-165694
Yes,MX-2013-168739
Yes,MX-2013-121545
Yes,ES-2011-4816650
Yes,CA-2014-152660
Yes,ES-2012-5845607
Yes,ES-2013-4650117
Yes,ES-2013-1785128
Yes,IN-2013-64578
Yes,CA-2014-142328
Yes,ES-2013-1610512
Yes,ES-2012-3471401
Yes,US-2012-148880
Yes,MX-2013-107167
Yes,CA-2012-146262
Yes,IN-2013-35304
Yes,IN-2013-48807
Yes,CA-2012-144267
Yes,ES-2013-1713812
Yes,CA-2014-158729
Yes,IN-2012-59391
Yes,CA-2013-151323
Yes,CA-2012-168480
Yes,IN-2011-24069
Yes,US-2014-123484
Yes,CA-2014-115994
Yes,CA-2012-157812
Yes,CA-2014-132346
Yes,CA-2012-143490
Yes,CA-2014-121258
Yes,IN-2014-37712
Yes,ES-2011-2417338
Yes,MX-2012-125808
Yes,CA-2014-118542
Yes,IN-2012-41261
Yes,MX-2011-126592
Yes,MX-2011-136546
Yes,MX-2014-126165
Yes,US-2013-114230
Yes,ES-2014-1873734
Yes,CA-2014-165491
Yes,MX-2013-112956
Yes,ID-2012-57193
Yes,CA-2013-114727
Yes,US-2012-113754
Yes,MX-2014-135706
Yes,CA-2012-101910
Yes,IN-2014-49402
Yes,ES-2013-3877962
Yes,MX-2014-125661
Yes,MX-2012-148054
Yes,IN-2013-19400
Yes,MX-2012-115070
Yes,IT-2013-3395178
Yes,CA-2013-162159
Yes,ES-2014-1651774
Yes,IN-2013-18497
Yes,MX-2012-161704
Yes,IN-2011-23712
Yes,ES-2012-4717022
Yes,MX-2013-159100
Yes,US-2014-146080
Yes,ES-2014-2638373
Yes,US-2012-154550
Yes,IN-2014-41814
Yes,IN-2011-56451
Yes,IN-2014-23481
Yes,MX-2012-151904
Yes,US-2011-156034
Yes,IN-2014-58607
Yes,IN-2014-31356
Yes,MX-2014-156615
Yes,CA-2014-154949
Yes,IN-2012-45972
Yes,CA-2011-157924
Yes,MX-2014-142601
Yes,MX-2012-101021
Yes,CA-2014-157196
Yes,ES-2012-3362320
Yes,ES-2014-4856325
Yes,MX-2011-122735
Yes,IN-2011-33183
Yes,US-2011-163860
Yes,CA-2013-147375
Yes,IN-2014-37033
Yes,US-2013-119046
Yes,ES-2013-4487295
Yes,ID-2013-22025
Yes,ID-2013-48709
Yes,CA-2014-147452
Yes,CA-2011-103373
Yes,CA-2011-104829
Yes,IT-2013-4864604
Yes,ES-2013-2645491
Yes,CA-2014-145128
Yes,ES-2011-3249098
Yes,ID-2014-15186
Yes,MX-2011-132815
Yes,MX-2013-123386
Yes,IT-2013-4962578
Yes,ES-2012-4193401
Yes,IT-2012-3746228
Yes,ES-2013-3093926
Yes,MX-2012-112662
Yes,MX-2014-159800
Yes,ES-2012-2102738
Yes,US-2013-105578
Yes,US-2011-164763
Yes,ID-2014-45580
Yes,MX-2012-143175
Yes,IN-2011-10419
Yes,MX-2013-109771
Yes,MX-2013-111010
Yes,ID-2014-71403
Yes,IN-2011-53203
Yes,ES-2013-4897406
Yes,MX-2013-143301
Yes,IT-2014-3941500
Yes,IN-2011-76758
Yes,IN-2012-83380
Yes,CA-2012-103716
Yes,IN-2011-31020
Yes,CA-2013-123526
Yes,ES-2011-1141056
Yes,CA-2013-111682
Yes,IN-2012-19995
Yes,IN-2014-44719
Yes,CA-2014-140585
Yes,MX-2014-158589
Yes,MX-2013-157007
Yes,ES-2012-5466966
Yes,MX-2011-121671
Yes,CA-2013-105585
Yes,US-2012-136987
Yes,CA-2013-134775
Yes,ID-2013-59566
Yes,MX-2013-141159
Yes,ES-2014-5368780
Yes,CA-2013-136924
Yes,US-2013-167129
Yes,CA-2014-123491
Yes,ES-2012-1986848
Yes,IN-2014-16929
Yes,CA-2011-100867
Yes,US-2014-118087
Yes,ES-2013-4375143
Yes,CA-2013-130680
Yes,ES-2013-5246151
Yes,IN-2013-59160
Yes,MX-2013-137610
Yes,IN-2012-52524
Yes,CA-2014-112865
Yes,MX-2012-166730
Yes,ES-2012-4844965
Yes,CA-2011-141726
Yes,MX-2012-142664
Yes,IN-2014-61932
Yes,CA-2013-114307
Yes,CA-2014-159954
Yes,MX-2013-167213
Yes,MX-2014-130694
Yes,ID-2013-23495
Yes,ES-2013-1093488
Yes,MX-2011-120719
Yes,MX-2012-104423
Yes,IN-2011-63808
Yes,MX-2014-131366
Yes,CA-2014-100111
Yes,ID-2011-78592
Yes,ES-2014-3277356
Yes,CA-2013-138282
Yes,CA-2013-115917
Yes,ID-2013-79117
Yes,US-2011-164406
Yes,MX-2014-165575
Yes,IN-2011-23789
Yes,ES-2013-3988133
Yes,MX-2012-124975
Yes,MX-2011-124688
Yes,IN-2011-64361
Yes,MX-2011-108077
Yes,ES-2011-4351366
Yes,IN-2014-60476
Yes,MX-2012-150910
Yes,IN-2011-50613
Yes,MX-2014-117240
Yes,ES-2014-1197792
Yes,IT-2012-1180980
Yes,ES-2014-4626156
Yes,CA-2014-121853
Yes,ES-2013-2339975
Yes,MX-2013-101455
Yes,IT-2012-3613157
Yes,MX-2011-146479
Yes,CA-2013-150077
Yes,CA-2013-166275
Yes,IN-2011-17594
Yes,CA-2011-159338
Yes,IN-2012-28493
Yes,CA-2012-146486
Yes,MX-2012-159674
Yes,IN-2013-65068
Yes,CA-2011-151162
Yes,CA-2011-111871
Yes,ID-2013-36312
Yes,CA-2013-142398
Yes,US-2014-159485
Yes,IT-2014-2508683
Yes,MX-2012-125283
Yes,ES-2013-1906012
Yes,US-2014-118612
Yes,IN-2014-64347
Yes,MX-2014-105641
Yes,IN-2014-39931
Yes,IN-2012-44509
Yes,ES-2012-5757351
Yes,IT-2012-3091951
Yes,MX-2012-154179
Yes,CA-2012-161627
Yes,MX-2013-119879
Yes,ES-2012-2212320
Yes,US-2012-136749
Yes,US-2012-108917
Yes,CA-2014-107825
Yes,MX-2011-105298
Yes,CA-2011-126361
Yes,ID-2014-16474
Yes,ID-2011-24160
Yes,CA-2014-131807
Yes,CA-2011-143840
Yes,CA-2014-155712
Yes,MX-2013-152912
Yes,ES-2014-5822421
Yes,MX-2013-115805
Yes,CA-2011-127131
Yes,ES-2013-2491395
Yes,US-2011-105137
Yes,ES-2013-1706935
Yes,MX-2014-134222
Yes,ES-2014-1620754
Yes,MX-2013-133690
Yes,MX-2014-167115
Yes,CA-2014-137428
Yes,ES-2014-1006059
Yes,CA-2013-124527
Yes,IN-2013-41198
Yes,CA-2014-150910
Yes,IN-2013-12736
Yes,IN-2013-53140
Yes,IN-2012-16845
Yes,US-2013-158190
Yes,MX-2011-169467
Yes,IN-2014-11637
Yes,ID-2011-65124
Yes,IN-2013-84584
Yes,IN-2014-38356
Yes,IN-2012-80370
Yes,CA-2013-151372
Yes,CA-2012-156440
Yes,IN-2011-36179
Yes,US-2014-103828
Yes,ES-2013-3159008
Yes,IN-2012-36788
Yes,MX-2014-126221
Yes,ID-2013-64970
Yes,MX-2013-160948
Yes,ES-2013-3570218
Yes,CA-2013-130477
Yes,ID-2013-85074
Yes,IN-2011-73055
Yes,MX-2011-145870
Yes,ID-2014-25707
Yes,MX-2014-112585
Yes,CA-2011-148950
Yes,MX-2013-128027
Yes,ES-2012-3330001
Yes,ID-2011-57718
Yes,ES-2011-1228490
Yes,IN-2013-25245
Yes,IN-2012-28024
Yes,CA-2014-112753
Yes,MX-2013-101077
Yes,IN-2014-72747
Yes,MX-2014-162075
Yes,MX-2013-147844
Yes,MX-2013-153094
Yes,IN-2014-47799
Yes,US-2013-159660
Yes,ES-2013-5881573
Yes,CA-2014-166142
Yes,ES-2012-3631542
Yes,CA-2013-105081
Yes,ES-2014-1012006
Yes,ES-2014-2933395
Yes,ID-2012-72453
Yes,CA-2013-109806
Yes,MX-2014-114783
Yes,ES-2012-5923089
Yes,ID-2012-13982
Yes,CA-2011-152345
Yes,ES-2012-3697227
Yes,US-2014-107524
Yes,IN-2011-85284
Yes,CA-2014-122504
Yes,CA-2012-124058
Yes,MX-2012-136042
Yes,CA-2012-139731
Yes,ES-2013-3547323
Yes,ES-2012-5897153
Yes,IN-2011-60560
Yes,CA-2012-123568
Yes,ES-2014-4401602
Yes,IT-2013-3060899
Yes,ES-2014-2042578
Yes,MX-2011-116218
Yes,CA-2014-169327
Yes,ES-2012-1721838
Yes,ES-2012-1211902
Yes,US-2013-151827
Yes,ES-2014-5710826
Yes,CA-2013-136483
Yes,CA-2012-134201
Yes,IN-2011-14017
Yes,IN-2013-17699
Yes,US-2014-167500
Yes,CA-2014-150609
Yes,MX-2013-115434
Yes,MX-2011-119977
Yes,CA-2012-109736
Yes,ES-2014-4616921
Yes,CA-2012-168564
Yes,ES-2013-4116050
Yes,US-2014-122672
Yes,IN-2013-77878
Yes,CA-2014-101273
Yes,MX-2013-146073
Yes,IN-2011-30894
Yes,US-2011-138758
Yes,IN-2013-21003
Yes,CA-2014-169894
Yes,MX-2011-131478
Yes,ID-2013-74357
Yes,CA-2012-107678
Yes,ES-2014-2905780
Yes,CA-2014-140053
Yes,MX-2012-133942
Yes,CA-2011-100762
Yes,IN-2014-69205
Yes,CA-2014-142888
Yes,IN-2014-23929
Yes,CA-2012-146255
Yes,ES-2013-1341762
Yes,CA-2013-145583
Yes,IN-2013-51243
Yes,CA-2014-136308
Yes,MX-2013-136224
Yes,ID-2011-22011
Yes,CA-2012-130456
Yes,IN-2011-86278
Yes,CA-2011-164861
Yes,MX-2013-163797
Yes,IN-2014-68337
Yes,CA-2011-148614
Yes,IN-2013-70990
Yes,IT-2013-3468927
Yes,MX-2012-111178
Yes,CA-2011-153150
Yes,ES-2012-2680511
Yes,ID-2012-85095
Yes,IT-2011-2536577
Yes,IT-2013-3132916
Yes,MX-2014-106978
Yes,IT-2013-3253363
Yes,CA-2013-116547
Yes,ES-2011-5389664
Yes,CA-2012-150770
Yes,ES-2011-5263174
Yes,IN-2012-32882
Yes,CA-2011-143336
Yes,IN-2014-73972
Yes,MX-2014-168536
Yes,CA-2014-113670
Yes,MX-2012-160388
Yes,ES-2012-1363320
Yes,CA-2013-148796
Yes,ES-2012-3075381
Yes,ES-2014-2299862
Yes,CA-2012-116092
Yes,IN-2013-49318
Yes,ES-2012-1439531
Yes,IN-2014-57683
Yes,US-2011-132899
Yes,IN-2014-71907
Yes,IN-2014-24531
Yes,ES-2012-4662036
Yes,ID-2014-64914
Yes,ES-2012-2223096
Yes,MX-2014-103919
Yes,IT-2011-4648014
Yes,ES-2013-1835691
Yes,ES-2013-2091965
Yes,CA-2014-117926
Yes,US-2012-104997
Yes,MX-2013-121160
Yes,IN-2014-43571
Yes,ES-2013-4569090
Yes,MX-2014-103149
Yes,MX-2014-104122
Yes,IN-2011-52125
Yes,ES-2013-4972434
Yes,ES-2012-4007496
Yes,CA-2012-105158
Yes,IN-2012-85935
Yes,IT-2014-5470294
Yes,US-2014-155999
Yes,IN-2014-62275
Yes,IN-2013-48184
Yes,CA-2011-160773
Yes,CA-2012-169397
Yes,MX-2012-106229
Yes,MX-2014-160857
Yes,CA-2014-144064
Yes,ES-2012-5207465
Yes,ES-2014-5621218
Yes,ID-2013-64060
Yes,US-2011-150574
Yes,CA-2013-104689
Yes,CA-2013-112123
Yes,IN-2013-18175
Yes,ES-2014-1006842
Yes,IN-2012-27597
Yes,US-2014-123834
Yes,ES-2013-5685466
Yes,ID-2012-16257
Yes,IN-2011-60196
Yes,IN-2014-50158
Yes,IN-2014-30173
Yes,MX-2014-131268
Yes,CA-2012-135580
Yes,IT-2013-2280110
Yes,IN-2014-79593
Yes,MX-2012-133732
Yes,CA-2013-112340
Yes,CA-2011-124688
Yes,IN-2014-38006
Yes,IN-2013-22571
Yes,ID-2011-27779
Yes,ES-2011-3366039
Yes,IN-2011-62331
Yes,US-2014-161830
Yes,MX-2011-155159
Yes,IN-2014-77941
Yes,ES-2012-5566923
Yes,CA-2014-101574
Yes,IN-2013-51775
Yes,MX-2012-105424
Yes,CA-2013-130638
Yes,IT-2014-1725451
Yes,MX-2012-113768
Yes,IT-2012-5711400
Yes,ES-2013-1795340
Yes,US-2014-125626
Yes,MX-2014-100895
Yes,ES-2014-2228032
Yes,ES-2014-5900887
Yes,CA-2014-169859
Yes,CA-2013-159212
Yes,CA-2014-161459
Yes,US-2013-151841
Yes,CA-2011-103940
Yes,ES-2013-5239444
Yes,MX-2011-142545
Yes,MX-2014-169887
Yes,MX-2011-127670
Yes,IT-2014-1858881
Yes,CA-2014-137085
Yes,IN-2012-66531
Yes,ES-2014-1193193
Yes,MX-2012-101854
Yes,ES-2014-2979530
Yes,US-2012-126214
Yes,CA-2014-117513
Yes,US-2014-107888
Yes,ES-2013-2335535
Yes,ES-2013-4790317
Yes,IN-2013-19645
Yes,IN-2014-29767
Yes,ES-2014-1398657
Yes,ES-2014-5891109
Yes,MX-2014-108973
Yes,ES-2014-4387160
Yes,CA-2012-132374
Yes,CA-2013-128671
Yes,IN-2011-40568
Yes,ID-2012-70857
Yes,IN-2012-73216
Yes,ES-2012-4829315
Yes,IN-2014-18441
Yes,US-2011-144673
Yes,MX-2013-145107
Yes,IN-2012-44194
Yes,MX-2013-110149
Yes,ES-2014-2280822
Yes,MX-2013-116946
Yes,MX-2014-103478
Yes,US-2012-155831
Yes,ES-2014-4505254
Yes,CA-2011-123253
Yes,IN-2013-19071
Yes,MX-2014-151134
Yes,ID-2014-35374
Yes,MX-2014-154571
Yes,US-2012-169712
Yes,CA-2012-138674
Yes,ES-2014-2557751
Yes,US-2013-148957
Yes,US-2014-147886
Yes,ID-2011-23593
Yes,IN-2012-69870
Yes,MX-2014-117744
Yes,MX-2014-141922
Yes,MX-2014-102246
Yes,ES-2013-5259588
Yes,MX-2013-167913
Yes,MX-2011-162488
Yes,CA-2014-135692
Yes,CA-2014-118122
Yes,US-2013-156986
Yes,ES-2014-2504689
Yes,ID-2012-62345
Yes,MX-2011-115490
Yes,CA-2014-111556
Yes,MX-2012-142090
Yes,IN-2014-17615
Yes,MX-2013-126144
Yes,CA-2014-127306
Yes,ES-2012-4250639
Yes,ES-2011-3305419
Yes,ES-2013-5246295
Yes,IN-2012-12477
Yes,CA-2013-118899
Yes,ES-2014-2851130
Yes,IT-2014-4920177
Yes,ID-2012-21563
Yes,ES-2011-1868803
Yes,MX-2014-143595
Yes,CA-2013-161746
Yes,US-2011-143287
Yes,MX-2014-138233
Yes,ID-2011-75652
Yes,ES-2014-3424970
Yes,IN-2011-58341
Yes,MX-2012-148180
Yes,US-2011-149069
Yes,US-2014-169852
Yes,IN-2013-17041
Yes,ES-2011-1443340
Yes,MX-2012-109134
Yes,ES-2014-5444511
Yes,IN-2012-64116
Yes,CA-2011-142769
Yes,CA-2013-109869
Yes,CA-2014-115427
Yes,ES-2011-1137137
Yes,ES-2014-5706764
Yes,CA-2013-133368
Yes,US-2012-128090
Yes,MX-2013-101210
Yes,CA-2014-131618
Yes,MX-2013-103492
Yes,US-2013-167850
Yes,CA-2012-148873
Yes,ES-2013-3508441
Yes,CA-2013-145982
Yes,IN-2013-56689
Yes,IN-2014-51985
Yes,MX-2014-164434
Yes,ES-2013-4429605
Yes,ES-2012-3327222
Yes,IT-2013-1498487
Yes,ID-2013-52643
Yes,IN-2013-42192
Yes,IN-2012-69044
Yes,MX-2014-125332
Yes,MX-2011-155572
Yes,CA-2014-165008
Yes,US-2014-103170
Yes,CA-2014-122007
Yes,MX-2011-133627
Yes,CA-2013-133319
Yes,ES-2014-5389384
Yes,IN-2012-41415
Yes,CA-2014-128965
Yes,MX-2012-154088
Yes,MX-2013-147634
Yes,IN-2012-49864
Yes,MX-2014-111899
Yes,CA-2011-123225
Yes,IN-2011-12806
Yes,CA-2011-110786
Yes,CA-2011-166744
Yes,IT-2011-1646767
Yes,CA-2011-108861
Yes,ID-2013-68498
Yes,CA-2014-142342
Yes,MX-2011-127089
Yes,ES-2014-4359397
Yes,IN-2012-78067
Yes,ES-2014-2524646
Yes,MX-2012-149832
Yes,IN-2012-24132
Yes,IT-2014-1147467
Yes,MX-2011-101518
Yes,ID-2013-78795
Yes,IN-2014-72278
Yes,ES-2013-4190886
Yes,IN-2011-13492
Yes,CA-2014-140186
Yes,CA-2014-136539
Yes,IN-2012-48744
Yes,IN-2014-71956
Yes,IN-2014-39371
Yes,ES-2014-2411166
Yes,IT-2011-4913414
Yes,ES-2012-5745179
Yes,MX-2012-133165
Yes,MX-2012-133480
Yes,US-2012-137008
Yes,MX-2014-139367
Yes,IN-2014-41093
Yes,IN-2012-69072
Yes,MX-2012-111430
Yes,MX-2014-142874
Yes,ES-2014-5247585
Yes,CA-2014-156391
Yes,CA-2013-165330
Yes,MX-2013-159114
Yes,US-2014-109253
Yes,MX-2011-106390
Yes,ES-2013-1727818
Yes,IN-2014-75855
Yes,CA-2012-162166
Yes,ES-2014-1224526
Yes,CA-2013-120873
Yes,MX-2011-157539
Yes,IN-2014-77339
Yes,ES-2014-3380674
Yes,IN-2014-31790
Yes,ES-2012-3679676
Yes,ID-2011-33295
Yes,MX-2012-160612
Yes,US-2011-167787
Yes,US-2013-150980
Yes,MX-2014-142244
Yes,CA-2011-116785
Yes,ES-2014-2783426
Yes,MX-2012-147977
Yes,CA-2012-143238
Yes,US-2013-115952
Yes,ID-2011-23068
Yes,IN-2014-17160
Yes,US-2013-164077
Yes,IN-2012-81812
Yes,MX-2013-137155
Yes,CA-2012-132941
Yes,MX-2011-136602
Yes,MX-2013-129588
Yes,MX-2012-149461
Yes,CA-2014-136651
Yes,CA-2011-135699
Yes,IT-2014-4499061
Yes,MX-2011-128356
Yes,CA-2011-140816
Yes,MX-2013-152814
Yes,US-2014-151127
Yes,IN-2013-14409
Yes,MX-2013-117415
Yes,IN-2014-32091
Yes,MX-2014-126298
Yes,CA-2014-156958
Yes,IN-2014-75470
Yes,ES-2014-5835827
Yes,ID-2011-72096
Yes,MX-2012-119907
Yes,ES-2014-1015287
Yes,ES-2014-2385129
Yes,US-2011-125395
Yes,CA-2012-130785
Yes,MX-2014-165078
Yes,CA-2014-153822
Yes,CA-2013-139269
Yes,IT-2013-4869515
Yes,ES-2013-3425110
Yes,ES-2011-3106999
Yes,MX-2014-114545
Yes,MX-2014-162355
Yes,CA-2011-105270
Yes,ID-2013-74875
Yes,CA-2013-106950
Yes,MX-2012-149454
Yes,MX-2011-144827
Yes,IN-2014-19911
Yes,ES-2013-3285003
Yes,ES-2014-2697033
Yes,ES-2011-3654318
Yes,IN-2012-16572
Yes,CA-2014-140963
Yes,CA-2011-156349
Yes,US-2013-135720
Yes,CA-2013-145261
Yes,ES-2012-5944655
Yes,ES-2013-2406661
Yes,MX-2014-130309
Yes,CA-2012-143602
Yes,MX-2013-115630
Yes,ES-2014-4535588
Yes,MX-2012-159646
Yes,CA-2012-114048
Yes,US-2011-140452
Yes,CA-2014-102519
Yes,CA-2012-110814
Yes,IN-2014-54995
Yes,IN-2011-50361
Yes,MX-2012-126606
Yes,ID-2014-56339
Yes,CA-2014-112725
Yes,ES-2014-5166372
Yes,IT-2011-2861112
Yes,IT-2014-5465876
Yes,MX-2014-102995
Yes,IN-2011-33890
Yes,IN-2012-56178
Yes,US-2013-111528
Yes,MX-2013-168123
Yes,IN-2014-66573
Yes,MX-2011-138716
Yes,MX-2012-161452
Yes,CA-2014-162012
Yes,US-2011-158442
Yes,CA-2013-168921
Yes,US-2014-142706
Yes,MX-2013-118038
Yes,IN-2013-64977
Yes,ES-2014-1325616
Yes,CA-2013-145492
Yes,ES-2014-4967939
Yes,ES-2012-2431083
Yes,IT-2013-3159247
Yes,ES-2012-5959969
Yes,ES-2014-1637041
Yes,IN-2011-54533
Yes,CA-2011-103744
Yes,US-2012-160857
Yes,MX-2013-117856
Yes,CA-2013-162138
Yes,MX-2012-158022
Yes,ES-2014-4385660
Yes,ID-2011-50655
Yes,IN-2013-38174
Yes,ES-2012-2270219
Yes,IN-2014-15011
Yes,CA-2012-149650
Yes,MX-2011-145884
Yes,CA-2014-137099
Yes,US-2014-160745
Yes,IN-2014-84353
Yes,CA-2014-141929
Yes,CA-2011-164721
Yes,US-2012-110569
Yes,US-2014-136679
Yes,IN-2012-31944
Yes,IT-2011-4812190
Yes,MX-2013-111388
Yes,US-2013-140172
Yes,CA-2014-161956
Yes,MX-2012-115945
Yes,MX-2014-150868
Yes,IT-2013-2720003
Yes,IN-2012-26757
Yes,CA-2012-155761
Yes,US-2014-152744
Yes,IN-2012-36088
Yes,US-2013-127425
Yes,ID-2013-60637
Yes,MX-2013-150140
Yes,IN-2012-17783
Yes,ES-2013-1268416
Yes,IN-2013-20548
Yes,ES-2013-2003988
Yes,ID-2013-34051
Yes,MX-2013-169495
Yes,CA-2013-113341
Yes,MX-2011-141467
Yes,IT-2014-3831682
Yes,IN-2013-22298
Yes,ES-2011-2835499
Yes,MX-2014-111633
Yes,IN-2014-61260
Yes,MX-2014-166814
Yes,IN-2011-56738
Yes,MX-2013-153920
Yes,US-2013-152667
Yes,US-2013-122917
Yes,ES-2014-2439745
Yes,CA-2012-134075
Yes,MX-2014-127733
Yes,IN-2012-39336
Yes,IN-2012-24783
Yes,MX-2011-147816
Yes,ES-2012-4485887
Yes,IN-2014-21059
Yes,US-2013-157490
Yes,US-2014-105046
Yes,IN-2014-52384
Yes,IN-2011-36074
Yes,ES-2013-2745392
Yes,MX-2014-154480
Yes,ID-2011-59293
Yes,US-2013-163223
Yes,MX-2013-118402
Yes,MX-2013-137729
Yes,ES-2011-5273102
Yes,IT-2014-1082723
Yes,ES-2011-5118812
Yes,ES-2013-2639112
Yes,CA-2014-134194
Yes,ES-2012-3246286
Yes,ES-2012-4379168
Yes,CA-2014-168193